text,true_label,predicted_label,model_response
Zdaj smo vsi bogati?,negative,neutral,neutral
"@Pohojen

[i]Kje ima država denar za vlaganje? Tuje investicije se
kažejo že pri Telekomu, NKBM-u ipd. Če lahko poceni
kupijo firmo, se jim to izplača, sicer pa ne. Ne bodo pa
investirali v države z višjimi plačami kot so kitajske.",neutral,negative,negative
"Zakaj raje ne pridobijo kapitala z emisijo delnic na kakšni od tujih borz kot npr. Krka na varšavski borzi, s tem država zniža svoje lastništvo in hkrati firma pridobi svež kapital?!",neutral,negative,negative
"Tale turizem v Ukrajini se je končal slabo,tako da Srečko po zmago v Maribor..,sicer pa hvala lepa če ne bo eura,in hvala lepa za vedno gospod bivši selektor",positive,negative,negative
"So pa fotru bajto popravli za 15% navzdol, kar je bolj realno.",neutral,negative,negative
še jodl ga je preskočil,negative,neutral,neutral
Odločila je sodniška kraja v Oslu. Švicar Ernst Egloff.,neutral,negative,negative
"""Avstrija – iščejo „nekomplicirane, pridne delavce“ + ""Nizozemska – naj vas ne motijo tatovi koles in direkten pristop"" --> Tule bi se jaz prijavil. Sem priden in nekompliciran in me ne moti direkten pristop. Prav tako me ne motijo tatovi koles. Še sam kakšnega sunem magari, če bo treba. ---> Kar se tiče strokovnosti in znanj pa kot komunist že po definiciji vse super obvladam, tako da lahko že jutri začnem, če se kdo zanima.",negative,positive,positive
Eh. Nič posebnega.,negative,neutral,neutral
"Gospodarska rast je ekonomski parameter, ki je pomemben izključno za za lastnike kapitala v ekonomskem prostoru za katerega se objavi podatek. Odvisno od strukture, ki generira to rast ima le-ta posreden vpliv na davčne prilive. Vendar v strukturi rasti, ki je značilna za Slovenijo ima ta rast skoraj ničelen vpliv na povečanje davčnih prilivov, ker se generira skoraj izključno iz naslova povečanega izvoza. Daje pa ta rast slutiti, da zaenkrat večjih sprememb navzdol na trgu dela ne bo. V nekem delu pa morda lahko to pomeni delno povečanje investicij v sektorju industrije in storitev bolj pa verjetno samo investicijsko vzdrževanje. Sama gospodarska rast pa nima nobene direktne povezave z življenskim standardom prebivalstva. Glede na trende zadnjih let pa je jasno razvidna povezava med rastjo BDP in vztrajnim nižanjem povprečnih plač. Zatorej se lahko potegne iz vsega tega miren zaključek, rast BDP gor ali dol, vpliv na blaginjo prebivalstva je enak. Živijo vedno slabše. Zatorej govoriti o krizi je norost. To je normalno ekonomsko stanje, ki deluje v okviru spremenjenih prioritet. Prioriteta ni več družbena uravnoteženost temveč je izključno interes lastnika kapitala.",neutral,negative,negative
"""dobili so ime, izgubili iluzijo - zdaj delajo za denar"" - dobra :)",negative,positive,positive
"Kakšni naslovi? Kaj je kdo prevzel ali bil in bo prevzet od ali po
""xyz"" se bo slej ko prej videlo. Lep dan.",negative,neutral,neutral
"Jaz tankam v AVT, diesel za 1euro",neutral,positive,positive
"skoda za drugi niz, 2-0 je tezko spremenit",negative,positive,positive
"V avtu mi pa že gori lučka... nič, bom pa do polnoči v službi pa se potem domov peljal =)",negative,positive,positive
"Bratranec je luštn, ko gre žoga mimo gola samo pokaže, da je vredu.",negative,positive,positive
Bodo morali zaceti prodajati. In kdo bo kupil?,neutral,negative,negative
"@ k_ris

če plačujem 15 let 500 ojrof najemnine, potem se mi bolj splača vzeti kredit, pa si zadevo kupit. 
in tu je po moje razlog tega, da je pri nas toliko lastnikov stanovanj in kiš, v primerjavi z razvito evropo.
Ko sem živel na Dunaju (do leta 2003) , sem za 75 kvadratno občinsko (gemeindewohnung) stanovanje plačeval 230 ojrof na mesec. 
V Sloveniji bi za tako stanovanje na Ptuju plačeval 500 ali  več. 
In iz tega sledi, da sem  na Dunaju na leto plačal za stanovanje 2750 na leto, 55200 v 20 letih. Pri nas pa 6000 na leto, 120000 v 20 letih. Torej se mi pri nas splača kupiti stanovanje, v razviti evropi se ne splača.",negative,neutral,neutral
Kaj Katancaso pustili v Ukrajini ali je že v Sloveniji (kar pomeniše vedno selektor)?,neutral,negative,negative
"K-ris
ja 50 EUR boš lahko dal počakaj še malo. Danes boš lahko dal že 80 EUR. Kupi če je to tako dobro  podjetje.",neutral,negative,negative
"Bi rada šla, pobožne želje .",positive,neutral,neutral
"Fantje, se zavedate, da Grčija v primeru poraza proti Finski ne nese nobene točke naprej? Neverjetno...",neutral,negative,negative
"Saj sem ti povedal, da uradno tudi jaz še vedno živim doma.... realno stanje pa je...",neutral,negative,negative
"@nikhrast se popolnoma strinjam s teboj. V Sloveniji se pojavlja specifika, da si vsak želi imeti dobro plačano službo, ki ima vse zgoraj našteto, ter po možnosti še kakšno ugodnost več. 

Žal pa živimo v času, ko je preveč brezposelnih, predvsem zaradi enega vidika. Vse več je namreč visoko izobraženih ljudi, po podatkih OECD-ja je stopnja visoko izobraženih ljudi v Sloveniji porasla iz 11,7% v letu 1991 na kar 22,6% v letu 2008. Sicer bi po nekaterih projekcijah v Sloveniji do leta 2020 potrebovali vsaj 31,3% visoko izobraženega kadra, a z ekonomsko krizo se je to verjetno, kar precej spremenilo. Problem kjer se odraža stopnja visoko izobraženega prebivalstva pa je v tem, da za njih ni pravih služb. Kar pomeni, da so za poklice, kjer njihova izobrazba ni zahtevana, prekvalificirani in zato po eni strani neuporabni, saj bi morali plačati več kot je potrebno za njih. Tako imamo velik del visoko izobraženega brezposelnega prebivalstva. Stvari pa bi se znale izboljšati v bodočem letu, saj je spremenjena oblika študentskega dela veliko manj ""prijazna"" do delodajalcev, že zaradi večje stopnje obdavčitve, zato lahko morda pričakujemo v prihodnje več zaposlitev za določen čas in posledično manj študentskega dela.",positive,neutral,neutral
A je to.,negative,neutral,neutral
"@a-rod; Če hočemo, da gre cena še bolj dol, bi moral sedaj tečaj €/$ narasti iz cca 1,10 kolikor je sedaj na nekje med 1,3 in 1,4....
Osebno močno dvomim, da se to lahko zgodi...bo prej na 1,00..",negative,neutral,neutral
"GoGi je predvsem bogat po srcu,je skromen,človeški in kot tak
simbol mlade generacije,ki ji je lahko vzor saj se je iz
nepoznanega fantiča zaljubljenega v košarko izboril in z delom ter
prizadevnostjo
ustvaril ime v širnem svetu!!!!!!!

Ne bi želel vleči vzporednice z našimi marsikaterimi
politiki,tajkuni in kvazi poslovneži,ki uspevajo na račun
ljudstva,ljudstvo pa v vse večji bedi!!!!",negative,positive,positive
"Škoda da ni podatkov za Švedsko. To so po Semoličevo naši vzorniki
;)

Zanimiva bi bila tudi primerjava odstoteka zaposlenih v javnem
sektorju. Tukaj sem za Švedsko našel podatek.. 15,7% v 2010.",neutral,negative,negative
"fak stari.... 
to pa je pravljica.....",negative,positive,positive
"V reprezentanci je nasplošno težko igrati neke uigrane akcije, ker so košarkaši premalo časa skupaj, da bi jim šla kombinatorika. Izjema so igralci, ki so dolgo časa skupaj, recimo Španija.",positive,neutral,neutral
"Maze: Moj športni cikel se končuje z olimpijado

Bravo Tina!!! –zelo pošteno. Enkrat smo morali priti do situacije ko hočemo-nočemo postavimo sami sebi vprašanje »kaj bo s slovenskim alpskim smučanjem po Tini«.

Massi je dokazal, da je sposoben ustvariti podjetje, katerega končni produkt je najboljša smučarka na svetu in tu ni dileme. Problem pa je status SZS. V Massijevem projektu Tina Maze je bila SZS samo eden od sponzorjev, ki je popolnoma zanemaril kvalitetno vzgojo čim boljših alpskih smučarjev.

Če je »Massijev« projekt res pravi za Slovenijo potem se je potrebno z njim dogovoriti, da prične iskati novo »tekmovalko«, ki jo bo pripeljal med zvezde. SZS naj mu plača znesek za katerega se bodo dogovorili. Seveda pa mora SZS prenehati zapravljati denar za formalno vzgojo alpincev ki jih ima samo zato, da imajo »smučarski strokovnjaki« svoje jasli !",positive,negative,negative
Če bi prej menjali trenerja pa bi bila situacija še boljša.,positive,negative,negative
"HopperMiki
Ponudniki so prodajalci. Če bi to bila javna dražba,
bi se lahko reklo tako. Pa ni. 
Za DT je bil naš Telekom že veliko več vreden kot
je sedaj. Tisti, ki so takrat hodili po Telekomu so
govorili nemško in ne angleško.",neutral,negative,negative
"cvikcanke - tukaj te podprem pa mislim, da bo res tako nekako :) tako, da do takrat si zgradite bunkerje za hišo ;)",positive,negative,negative
portugizac@za prvi vpis  se strinjam da se bolj ne bi mogel..OK!,negative,positive,positive
Vzajemna dobila tožbo proti Jakliču za 360.000 evrov,neutral,negative,negative
Ja nič pero mišica mora ubranit slovensko čast dneva,negative,positive,positive
"K_ris/11:37, ja samopostrežni MaxEn 0,033€ ceneje, MB24 0,02€ ceneje... Mogoče še Hofer, za MOL ne vem. Cene so nastavljene, da se večini nikdar ne splača vozit tankat v tujino.",negative,neutral,neutral
"Koliko je tukaj negativcev! Se sploh ne čudim, da smo Slovenci v takšnem stanju, kot pač smo!
Za pol Slovenije MB  ni slovenski klub in znajo samo šimfat. Koliko uspeha v Evropi pa so si priigrali ostali SLO klubi? Nič!!!!!! Ampak nekateri so tako po ""slovensko nevoščljivi"", da si kar želijo sosedovo crknjeno kravo, medtem, ko je njihova že zdavnaj!
Gremo Maribor, dokažite, da znate in zmorete!!!! MARIBOR - ŠAMPIJON!",positive,negative,negative
"Kdaj se začne prodaja kart? Mam občutek, da bo karta koštala 40 evrov, ker NZS itak ve, da bo štadion nabito poln.",neutral,negative,negative
ve se ki se fuzbal spila,neutral,negative,negative
"Najrajš bi vidu BiH in Slovenijo skupi na EP, ampak mam nek filing, da se bosta srečali v playoffu...",neutral,positive,positive
"sej bo, ko bosta oba v drugi ligi :)))",negative,positive,positive
"Vezjak je že pred leti skoraj do potankosti napovedal dogajanje okrog Patrie
http://zofijini.net/medi
ji_taktik/",negative,neutral,neutral
To pa ne bi smelo biti težko preveriti.,positive,neutral,neutral
Ivo dihaj malo no. Kak mu teče jezik :D,neutral,negative,negative
"Stefan Kraft je še v nedeljo po tekmi v Titisee - Neustadtu zatrdil, da bo zanesljivo nastopil na poletih v Vikersundu, potem pa so se v avstrijskem taboru odločili povsem drugače. Njihovi najboljši bodo do petka na treningu v Beljaku, kjer bodo poleg treninga na srednji napravi potestirali in izbrali novo opremo (smuči in kombinezoni) vse z ciljem, da se optimalno pripravijo na prvo tekmo svetovnega prvenstva, ki bo danes teden. Takšna je torej uradna razlaga, vsak pa si ob tem lahko misli svoje. Meni gre ob teh igricah in uradnih razlagah kar malce na smeh, po novem torej skakalci celo poletje trdo trenirajo zato, da bodo pozimi skakali, potem pa se pred vrhuncem sezone (lani OI, letos SP) brez pravega razloga umikajo pred konkurenco. Očitno prihaja čas, ko bodo nekateri trenirali samo še za OI in svetovna prvenstva, kar je milo rečeno smešno. 
Naši se na to ne ozirajo, Janus ravna podobno kot lani in mislim da je prav tako, čeprav je jasno, da prehod iz največje skakalnice na svetu na ""pručko"" v Falunu ne bo enostaven in bo gotovo predstavljal manjši hendikep. Mnogi so sicer ob tem precej skeptični in predvidevajo, da recimo Peter Prevc nima nobenih možnosti, da bi osvojil kakšno medaljo na svetovnem prvenstvu. Videli bomo kaj se bo izcimilo iz tega, je pa res da mora Peter Prevc ponujeno priložnost maksimalno izkoristiti. Z dobrim letenjem v Vikersundu bi si lahko resnično trasiral pot do VKG, kar ga mislim da trenutno bolj zanima kot medalja na svetovnem prvenstvu.",neutral,negative,negative
Maček a si ti tudi aktivist?,neutral,negative,negative
"Spomnim se enega intervjuja Tine Maze, ko je šla na samostojno pot. Razlagala je ravno o tem, da se je najprej morala naučit osnove veleslaloma, saj je bila njena tehnika povsem zgrešena. Pa vemo, da je Tina vedno veljala za veleslalomistko. No in vidimo kje je Tina sedaj...",positive,negative,negative
"a clanek o temu je na financah ali bi bil prevec proti uredniski
politiki?


www.rtvslo.si/gospod...rov/343340",negative,neutral,neutral
"@bondi

Hvala ti za odgovor.",positive,neutral,neutral
"Sr.Maček
z vsem spoštovanjem.
9.septembra 2015 =  bila objavljena samo ena fotografija, ki je  povedala vse, o rasizmu, o spoštovanju drugih ljudi, o spoštovanju drugih ver, o spoštovanju naroda/narodov, o spoštovanju države/držav, zakonov v katero so bili sprejeti.

Fotografijo potrjujejo tudi druga dejstva, žal.",neutral,negative,negative
"@tihomir:
""Nihče nas ne zavezuje k prodaji - dokler smo lastnik, mi določamo pogoje prodaje.""

Sem proti prodaji, ampak v zgornjem se bojim, da se motiš. Obljuba je bila dana. Tako nam govorijo že nekaj let.",neutral,negative,negative
"the law1 - kot prvo so ZDA velika proizvajalka nafte in danes pokrijejo že okoli 70% svojih potreb.

Kot drugo je cena goriva v ZDA politika, visoke cene bi pomenile zelo močno orožje za nasprotno stran v političnih kampanjah (glede na to, koliko se Američani prevažajo po cestah, železnicah in zraku, z zelo požrešnimi stroji)... ko bi se to poznalo še pri gospodarski rasti, bi republikanci popolnoma ponoreli.",negative,neutral,neutral
"Baje so se skakalci sprehajal ob jezeru, pa so labodi njim kruh metal, k so tok suhi :)",negative,positive,positive
"Jaz bom pa poskušal dat eno objektivo relano napoved...50% in večji padec je samo iluzija in se po moje ne bo nikoli zgodil in kakega večjega padca kot je bil do sedaj tudi po moje nebo...so ga obljubljali že za začetek prejšnjega leta, pa sredino, pa jesen, Jankovič je govoril o padcu cen za božič...še danes, ko na veliko propadajo gradbena podjetja ga ni! Mislim, da bo gradbeništvo v Sloveniji propadlo...nepremičnin nihče ne kupuje, investicij v javno infrastrukturo ni... največji del stečajne mase gradbenih podjetij bodo prevzele banke, ki pa delujejo na tako majhnem trgu da jim ni problem ""uskladit"" in držat nepremičnin do 10% pod sedanjo ceno. Povpraševanja bo zmeraj nekaj, ponudba se bo pa, po propadu gradbenikov ustavila...banke tudi novih kreditov za izgradnjo nepremičnin (razen res izjemoma za privlačne lokacije) ne bodo dajale, ker bi tako spet ustvarjale le dodatno ponudbo, kar bi lahko nižalo cene in celo tvegale nove nasedle nepremičninske naložbe! Eni pozabljate, da ne živimo več v socializmu, v kapitalizmu je očitno boljše da je kaka stvar neprodana in njena visoka cena služi za navidezno izboljšanje bilanc, kot pa da jo nekdo ceneje kupi. Na dolgi rok se bodo prazna stanovanja ziher prodala, sploh ker se bo ponudba ustavila. Ne moremo pa tudi računat, da se bo zaradi propada gradbenega sektorja znižala cena rabljenih stanovanj, ki je ravno tako relativno visoka. Kaj bo pomenil propad gradbenega sektorja za to državo bomo pa videli...samo glede na to da je ravno na račun gradbeništva raslo mlado slovensko gospodarstvo in še leta 08 ustvarilo 20% celotne gospodarske rasti in od katerega je še pred leti živelo cca 100.000 ljudi...po moje nič dobrega, sploh ker je od pufov gradbenih podjetij največ pokasirala država katero je bilo po zakonu treba poplačat pred podizvajalaci. Država sicer izpad milijardnih prihodkov, tudi iz naslova gradbene dejavnosti poskuša rešiti kratkoročno, z izdajo obveznic...samo medtem ko se je prej kuril denar in smo se zadolževali, smo dobili vsaj infrastrukturo...iz naslova AC programa so se gradile tudi šole, gasilski domovi, vodovodi, kanalizacije, lokalne ceste in ostala javna infrastruktura, da o ostalem zadovoljevanju interesov raznih civilnih iniciativ, ki so se formirale vzdolž trase in njihovem izsiljevanju države, niti ne govorim...in nenazadnje je na ta račun rasel tudi javni sektor. 

To je sicer samo moje skromno mnenje in poskušam za razliko od tipičnega ""banda kradljiva"" pisanja, razmišljat objektivno, pa tudi ne prodajam ali kupujem nobene nepremičnine.",neutral,negative,negative
generalni konkvistador,negative,neutral,neutral
Pa nam ja tako dobre gre.,negative,positive,positive
Dobičke bi morali usmerjati v zagotavljanje dela namesto razdeljevanja dividend.,neutral,negative,negative
"Trošarina se ni povišala, se je pa povišal prispevek OVE. Tako ima vlada sedaj toliko različnih prispevkov, da jih komaj sproti zvišuje. Razlika med Slovenijo in npr. Avstrijo, Nemčijo pa se vseskpzi povečuje (diesel v Avstriji že pod 1,20, München 1,26,Berlin 1,22).",neutral,negative,negative
"Hepimen: ""Zelo lahko se z vodstvom kluba dogovori, da bo podpisal zanje, če koga odtrejdajo in koga dotrejdajo. A veš, ti igralci niso ovčke, ki blejajo v ogradi, ampak se lahko kdo od pastirjev z njimi tudi pogovarja"". 
Seveda, to nam je menda vsem jasno. Moj komentar je sel pa v smeri, katero je nakazal clanek. Torej, da bo se bo Goran odlocil sele po kncu sezone. In v tem primeru ne verjamem, da bi si Phoenix dovolil riziko, da enega od 3 organizatorjev treda, potem pa po sezono izgubi se drugega. Zato sem napisal, da v takem primeru ne bo nobenega trade-a in da je to slabo za Phoenix. Da pa igralci niso ovcke, pa sam dobro vem iz lastnih izkusenj. Niti mi ni najbolj, jasno, zakaj si mi to napisal? LP",neutral,negative,negative
"jst sm pred  EP napisu da si fantje zaslužjo medaljo pa sm dubu minuse pa da  je velik uspeh prit med 8 , ma kje fantje so za   1-2 mesta in nič manj :)",positive,negative,negative
"Še vedno ni nihče pojasnil, na kakšen način boodo uvajali kvote v
praksi, glede na to, da hočejo vsi v Nemčijo pa eni še na Švedsko.",neutral,negative,negative
"Motiš se. Pritisk, da podjetje vseskozi izboljšuje poslovanje, se imenuje dobiček in ta pritisk deluje 365 dni na leto. Minimalna plača se uveljavi v ""15 dneh po objavi v uradnem listu"" in torej deluje trenutno. Podjetja se na to odzovejo trenutno z odpuščanjem ali povečanjem cen. To je popolnoma naravno, zato to tako deluje. ;)",negative,neutral,neutral
"Finance so zadržane, ampak so Mramorjevi komentarji izredno
spodbudni v smislu realnosti. Od poudarka na gospodarski rasti za
povečanje državnih prihodkov, preko tujih investicij do kritike
""vodnjakov iz EU sredstev"", vse je zelo na mestu in izredno
spodbudno v primerjavi s dosedanjimi šalabajzarji ... ali
šlamastiko novega ministra za gospodarstvo, ki očitno ne razume
prostora in časa v katerem živimo in gospodarskov rast vidi v
betonu, ne v visokih tehnologijah.

Zelo spodbudno.",negative,positive,positive
"v razmislek našemu pročevalcu cmerarju
Posredujem…

Objavljam pisanje, ki naj bi ga napisal nekdanji sodelavec Varnostne
službe  (v nadaljevanju VS, katere ni navedeno) in bi ga naj poslal na
kar nekaj naslovov pristojnih državnih organov v Sloveniji in kot sam
navaja, ni bilo prav nobenega odziva.

APEL - DRUGA PLAT ZGODBE PRED KATASTROFO

Naj na začetku navedem nekaj dejstev o katerih se boste spraševali na
koncu tega APELA. Predvsem zaradi varnosti in eksistence moje družine,
sodelavcev ter tudi trenutnega družbenega položaja - svoje identitete
ne morem razkriti. Tudi zgodbe o kolegih policistih, ki so opozaijali
na resnične dogodke na naši meji, pa so jim zagrozili s sankcijami, so
mi dale dodatno misliti, da ne govorim o medijih in njihovem
enostranskem poročanju, ki že meji na norost Zavedam se, da zaradi
tega lahko moj namen izgubi na verodostojnosti, toda žal drugače ne
gre. Kar nekaj časa sem razmišljal ali naj se za tak korak odločim ali
ne in na kakšen način. Na koncu pa je pretehtalo dejstvo, da je zadeva
še kako resna in šokantna.

Nekaj let nazaj sem sodeloval z varnostnimi službami tako doma, kot v
tujini in že takrat so prihajale prve informacije iz tujine glede
vsega, kar bom navedel v nadaljevanju. Zadeva kolikor mi je poznano je
bila predstavljena tudi na odboru v Sloveniji in določeni ljudje v
državi so bilo o njej osebno obveščeni kot zaupno gradivo in sicer v
mesecu aprilu in marcu 2013. Informacije so bile že takrat
zaskrbljujoče, jemale pa so se z določeno rezervo po vsej Evropi. Toda
te dni se uresničuje scenarij, ki je bil takrat napovedan skoraj do
potankosti natančno. Takrat je bila pri nas ravno menjava vlade in
očitno se z dokumenti ni nihče preveč obremenjeval. Kljub menjavi
delovnega mesta sem zadevo intenzivno spremljal še naprej, saj so me
kolegi iz nekaterih držav, s katerimi smo ostali v stikih, že
nekajkrat v januarju in februarju 2015 obvestili o šokantnem
dogajanju. Ker določenih zadev preko spleta in telefonije ni bilo
mogoče preverjati zaradi delikatnosti podatkov sem v mesecu juliju
letos odpotoval v tujino na dopust, hkrati pa sem se lahko na lastne
oči prepričal o resnosti zadev.

Preden vam posredujem podatke naj vam povem, da nisem nikakršen
desničar, nacionalist, fašist oziroma ekstremist. Kar vam predstavljam
v nadaljevanju so izključno preverjene informacije iz različnih virov
obveščevalnih služb. Zaupnih dokumentov ne morem pošiljati ( in ker bi
jih mediji takoj razglasili, da so ponaredek ), ki dokazujejo
načrtovan scenarij, ki se izvaja oziroma bo sledil v naslednjih
mesecih. Osebno sem si lahko ogledal tudi nekatere šokantne dokumente,
toda zaradi varnosti bom podal samo dejstva iz le teh. V nadaljevanju
je združen povzetek nekaterih dokumentov namenjen resničnim beguncem
in povzetek namenjen skrajnežem, ki so se infiltrirali med njih (v
osnovi so bila navodila za obe skupini ločena, podajam pa skupna
dejstva):

2012 in 2013 so bile zaznane prve dejavnosti, da se pripravlja za
Evropo nekakšen scenarij, ki naj bi temeljil v osnovi na uspehu 11.
septembra v Ameriki
Posneti so bili prvi prisluhi, ki so govorili o sledečih dejstvih:

Muslimanski ekstremisti iz vseh koncev sveta so premlevali, kako bi
lahko popolnoma uničili in destabilizirali Evropo. Porodila se jim je
genialna ideja - prišla je prav od migrantov (iz običajnih migrantov
se jih je vsako leto do sedaj vsaj 35 % spreobrnilo v ekstremiste), ki
že več let bivajo v Evropi in poznajo celoti ustroj in delovanje
Evrope. Ta ideja se nikakor ne more meriti z enkratnim dogodkom v
Ameriki v osnovi pa je zelo podobna. Ker se Evrope ne da napadati od
zunaj z orožjem (težko izvedljivo za muslimanske ekstremiste) pa je
edina možnost le napad od znotraj. Ugotovili so, daje Evropa najbolj
ranljiva prav v svojem bistvu, to je demokraciji.

Evropa še danes obremenjena s svojo zgodovino se vsakič ko nekdo omeni
fašizem, nacionalizem in ekstremizem takoj potegne nazaj in tolerira
popolnoma nesprejemljiva dogajanja. To so ugotovili tudi muslimanski
priseljenci, ki že leta bivajo v Belgiji, Švedski, Nemčiji,... in
načrt se je začel - destabilizacija Evrope. Trojanski konj imenovan -
DEMO KRACIJA V nadaljevanju boste deležni dostopov do spleta, kjer
boste lahko preverili Evropski medijski mrk v zadnjih letih, ki bo
najbolj verjetno Evropo v naslednjih mesecih pripeljal v popolni kaos.
Naj povem, daje bilo več kot 100 posnetkov iz spleta odstranjenih samo
v zadnjih treh mesecih - gre za navadne dokumentarne prispevke, ki
prikazujejo vse skupaj v popolnoma drugačni luči. Večino hranijo le še
varnostne službe. Kar je še ostalo od posnetkov si lahko natančno
pogledate in celotni ogled lahko vsakemu zdravo razumskemu človeku
pokaže kaj se dejansko dogaja.

 Pri vsem skupaj je nevede s svojim imperialnim razmišljanjem pomagala
seveda Amerika in tudi Evropa sama. Ekstremisti so morali samo še
postaviti pogoje za začetek in to so:

Grozljiva mučenja, obglavljanja, posilstva ugrabitve, strah in panika,
kar je pognalo ljudi proti Evropi, Evropa pa bo zaradi svoje
»demokratične« invalidnosti in naivnosti padla na kolena. V letu 2014
so bili pogoji že skoraj idealni in povabilo nemške kanclerke je
odprlo vrata Pandorine skrinjice. Za ekstremiste je bilo to darilo, ki
so ga čakali.

 Ko sem zapuščal takratno delavno mesto smo prejeli prve informacije o
siljenju navodil med migranti tako v državah, kjer so še živeli, kot
tudi v Turčiji, Grčiji in v začetku 2015 tudi v Afriki. Navodila so
vsebovala točno napisane:

Poti po katerih se najlažje pride v Evropo
 - Navodila kje lahko migrant dobi največjo denarno podporo
- Število policistov in opreme v posamičnih državah
- Navodila, da si iščejo zaveznike pri dobrodelnih organizacijah in
humanitarnih delavcih, ki bodo v vsaki državi na njihovi strani
neodvisno na usmeritve politike. - Ljudje v teh organizacijah so ključ
do vstopa v Evropo, kot tudi raznovrstni aktivisti. Za nekatere države
so bile celo navedene razne organizacije, ki se borijo za človekove
pravice in njihovi kontakti.
- Najbolj šokantna so bila sledeča navodila - dobesedni prevod -
navodila so že našli tudi nekateri tuji novinarji in jih objavili -
lahko preverite - naši mediji so večinoma objave tudi bojkotirali:

Vsakič, ko se migracija ustavi na mejah, morajo v ospredje otroci in
ženske . Otroke dvignite visoko v zrak. Najprej je potrebno poskušati
brez sile, če ne gre se mora sila stopnjevati. Če na mejah še ne bo
dovolj ljudi oziroma, če v skupinah ne bo žensk in otrok počakajte da
se zbere večja skupina — vsaj 50 oseb — in nato začnite s
stopnjevanjem pritiska.
(OPOMBA: Ne bojte se policije, saj ne bodo uporabili sile proti vam
zaradi evropskih meril in medijev, ki bodo vedno podprli vas. Policija
se bo edino branila. Vedno boste na koncu dosegli svoje).

 - v primeru morebitne sile s strani policije pa se izgovarjate na
demokracijo, nacionalizem, fašizem, ... Vedno tudi pokažite kakšno
poškodbo in za to obtožite policijo. Pozanimajte se kdo so vodilni v
državi in skandirajte njihovo ime. Ko vam uspe priti čez mejo z
aplavzom nagradite policijo, državo in zopet skandirajte imena
vodilnih če jih poznate. S tem boste vplivali na čustva ljudi v
državi, da bodo podpirali prihod beguncev. S tem bo odprta tudi pot za
vaše bližnje, ki pridejo za vami. Če vas pride pozdraviti kdo od
policije, politikov naj gredo v ospredje ženske in otroci — otroke
pred tem poučite kako naj se obnašajo v takih situacijah.

Priprava na pot: Preden se odpravite na pot si pripravite zgodbo.
Pripravite fotografije porušenih zgradb, uničenja, smrti, pohabljenih
ljudi (mediji so že ugotovili, da več različnih ljudi kaže isto podrto
hišo in govori da je bila njihova, ljudje pa se med seboj ne poznajo).
To boste potrebovali za evropske medije. C e vas povprašajo po
izobrazbi recite da ste izobraženi

 - tako boste lažje dobili dovoljenje za vstop (tako je isti migrant
srbski novinarki predstavil popolnoma drugačno zgodbo, kot jo je
povedal novinarki v Nemčiji, v Sloveniji pa so celo pozabili imena, ki
so jih dali policiji pri vstopu). Obvezno imejte na poti telefon
(obveščevalne službe imajo podatke, da so poleg denarja nekateri
migranti dobili tudi najnovejše telefone), da se boste lahko obveščali
med sabo. Ko pride kje do zastoja obvestite druge skupine da se vam
pridružijo in stopnjujte pritisk. Nekateri boste dobili tudi kontaktne
številke, ki jih boste kontaktirali v primeru problemov in ko prispete
na cilj. Svoje dokumente pred potjo uničite. Medijem nikoli ne
govorite o navodilih, ko jih preberete jih uničite.

Zelo šokantni so tudi podatki-navodila o medijih v Evropi: Evropski
mediji imajo radi tragične zgodbe. Zaradi narave demokratične ureditve
so beguncem večinoma zelo lepo naklonjeni. Tako z mediji kot ljudmi na
poti morate biti v prijaznih odnosih. Mediji bodo prikazovali begunsko
tragedijo kot nekaj kar mora Evropa sprejeti in politiki se bodo
uklonili pritisku medijev. To vam bo odprlo vrata. V primeru problemov
izpostavite, fašizem, ekstremizem, nacionalizem, da se počutite kot
živali. Novinarke v Evropi zelo rade podležejo tudi arabskim mladim
moškim, kar je potrebno izkoristiti. V medije je potrebno vnesti
zgodbe uspešne integracije in izkoristiti naše brate, ki so se naivno
prilagodili tamkajšnji družbi. Novinarji v Evropi so večinoma zelo
ozkogledni, mediji pa usmerjeni na dobrodelnost, humanost in Evropske
vrednote. Ravno to pa je potrebno kar se da dobro izkoristiti.
Pri tem je potrebno povedati, da so med tako imenovanimi umetno
spodbujenimi migranti tudi resnični begunci pred vojno. Brez teh načrt
nebi bil uresničljiv, saj Evropa kljub svoji šibkosti nebi odprla
svojih »vrat« na stežaj, če bi bili v tej milijonski množici samo
mladi moški. Po ocenah VS bo v prvem valu okoli 30 % družin (otroci in
ženske), kasneje pa bo vse več samskih moških. Prav zaradi resničnih
beguncev pa je Evropa popolnoma brez moči, saj so ekstremisti
predvideli, da bodo zaradi njih odprta vsa vrata in da Evropa zaradi
svoje šibkosti - da je nebi obtožili, daje fašistična - ne bo na silo
ustavila beguncev. In prav to je bil namen. Varnostne službe so imele
že leta 2014 podatke, ki so sami po sebi govorih, daje potrebno val
migrantov ustaviti na mejah za vsako ceno in takoj, toda politika
Evrope se ni zganila in zgodilo seje kar se je. Če bi se prvi val
ustavil, bi bilo danes problem še možno rešiti. Migranti bi dobili
signal da tako ne gre, sedaj pa poti nazaj ni več.

Zadnja informacija - 28.9.2015 - je, da so ljudje po vsem svetu
opazili kaj se dogaja v Evropi in samo v Afriki se pripravlja na
milijone migrantov, kar je po ocenah varnostnih služb konec Evrope,
kot je poznamo. Zakaj politika tega ne priznava in ne objavi se
sprašuje vse več ljudi. Še bolj šokantna je izjava nekdanjega
sodelavca iz Nemčije: Tudi če Evropa danes ustavi vojno v Siriji, poti
nazaj več ni. To namreč niso vojni begunci, ki bežijo pred vojno,
ampak migranti, ki se bodo na pot odpravili v vsakem primeru, če tudi
se vojna konča. Milijoni iz Arabskih dežel in Afrike bodo za vsako
ceno hoteli v Evropo.

Nisem nikakršen vedeževalec, toda po ocenah večine varnostnih služb in
mojih kolegov širom Evrope (velika večina je sicer že upokojenih toda
ostali so v kontaktih z viri informacij) so možni sledeči scenariji:

Edina še možna rešitev: Če bi Evropa povzela drastične ukrepe TAKOJ -
najkasneje do konca leta 2015, še obstaja možnost zaustavitve
eksodusa. Sicer brez žrtev ne bi šlo, saj imajo migranti, ki so že več
let v Evropi - skrajne skupine — že navodila da v tem primeru takoj
začnejo z terorističnimi dejanji po vsej Evropi. Samo v Evropi je več
kot 1000 takih celic - celice sestavlja od 5 do 20 ljudi. Ali
verjamete, da jih samo v Sloveniji ne bo, kot trdijo naši politiki?
Naivnost svetovnih razsežnosti ?

Tudi na mejah bi bilo v tem primeru veliko žrtev. Evropa bi morala
takoj na zunanje meje poslati posebno policijo (v skrajnosti tudi
vojsko) in jih začasno hermetično zapreti - brez uporabe sile nikakor
ne bo šlo. Ker pa je Evropa zaradi demokracije, zgodovine in lastnih
razprtij nesposobna zavarovati sama sebe, se ta scenarij najbolj
veijetno ne bo zgodil - 9 % možnost po ocenah varnostnih služb.

Evropa bo še naprej kolebala kaj narediti. Desne stranke bodo
pridobivale na moči (za Avstrijo smo s kolegi napovedali že meseca
avgusta - ta teden seje delno že uresničilo). Sam nisem zagovornik
desne politike toda žal nas je v stanje kot je pripeljala ravno leva
politika in tudi del desne s svojimi napačnimi odločitvami v zadnjih
dvajsetih letih. Prišlo bo do hudih notranjih trenj. Ljudje v Evropi
se bodo uprli svojim vladam. Nastal bo popoln kaos. Razvoj dogodkov je
nemogoče predvideti. - 67 % možnost

Evropa bo apatično spremljala dogajanje in se prepustila tokovom
priseljevanja. Po vseh ocenah propad Evrope kot jo poznamo in resnična
prevlada islama (tukaj je mišljen ekstremni islam) v obdobju 10-ih
let. — 20 % možnost

Kaj pa Slovenija ?

Dokler so meje proti Nemčijo odprte lahko živimo v iluziji varnosti.
To je seveda samo iluzija, saj bo taka masa migrantov na dolgi rok
(obdobje nekaj let), kljub smešnim trditvam medijev, daje številka
ekonomskih migrantov mala, popolnoma destabilizirala Evropo in s tem
tudi Slovenijo, saj smo del nje. Vse varnostne službe opozarjajo, da
bi v primeru, da nebi šlo za tako velike kulturne razlike (med
Evropejci in priseljenci) nekaj milijonov priseljenih ljudi težko
stabiliziralo več kot 500 milijonsko Evropo. Toda Evropa seje žal
zadnjih 15 let požvižgala na dejstva, daje pri tako velikih kulturnih
razlikah in še posebej pri agresivni muslimanski veri potrebno
upoštevati faktor 105, kar pomeni da že nekje 2 milijona priseljencev
(upoštevan faktor - je to 210 milijonov) popolnoma destabilizira
celotno regiji. Politika seje tem ocenam vsa leta nasmihala, oziroma
jih skrivala pred javnostjo. V Belgiji, na Švedskem in drugje pa je to
že kot golo dejstvo v začetni fazi sprejeli.

 Pa tudi če to iluzijo zanemarimo je napoved sledeča (napoved je
brezpredmetna edino v primeru, da Evropa takoj pošlje svoje enote na
grško mejo):

Madžarska bo pametno (morate vedeti, da so vse kvalitetne varnostne
službe, ki upravljajo svoje delo profesionalno že septembra 2014 svoje
države večinoma opozarjale da bo potreben drastičen ukrep za
zaustavitev tako dobro načrtovane destabilizacije Evrope) tudi s silo)
prva upoštevala to kar bi morala Evropa takoj storiti) zaprla meje.
Madžarska je popolnoma pripravljena na to potezo. To bodo storile tudi
ostale članice višegrajske skupine.

Celotni val beguncev se bo preusmeril proti Sloveniji. Tudi če bi
angažirali celotno policijo in vojsko in poslali na mejo bo Slovenija
izgubila nadzor po oceni tujih VS v dveh do treh dneh. Hvalisanje naše
politike, da smo pni val obvladali spravlja kolege po Evropi v grenak
smeh še posebej izjave naše zunanje politike, notranjega ministrstva
in samega predsednika vlade. Kaj dela naša VS danes ne vem niti sam.

Kmalu bo sledila zapora Nemške meje in nato takoj Avstrijske -
Avstrija je fizično sposobna zavarovati svoje meje za razliko od
Slovenije - na meji že ima vojsko in tudi teren je za to bolj ugoden
kot meja med Slovenijo in Hrvaško — toda ali je sposobna uporabiti
tudi silo, ki bo nujna, pa ne ve nihče?

V nekaj dneh bo Slovenija preplavljena z begunci. Ne tisoči, temveč
dest-tisoči. Če bo situacija trajala več tednov — po ocenah tujih VS
lahko tudi več mesecev in let - bo mala država imela hude probleme.
Čaka nas milo rečeno KAOS. Nezadovoljni migranti, ki so že v vseh
državah pokazali svojo agresijo - naj še enkrat poudarim da je med
njimi samo nekaj malega družin z otroki in pravih beguncev- se bodo
zaradi nezadovoljstva, ker ne bodo mogli potovati naprej začeli
znašati nad našo infrastrukturo, ljudmi, premoženjem. Policija ne bo
več kos zaščititi ljudi in premoženja, kaj šele, da bi nadzorovala
mejo. Dogodki bodo pustili na prebivalcih v vsakem primeru
nepopravljiv pečat, da o gospodarski škodo ne govorimo. NIKOLI VEČ NE
BO KOT JE SEDAJ - TO SI VELJA ZAPOMNITI.
Odvisno od Evrope je tudi nadaljnje dogajanje v Sloveniji. Če nam bi
Evropa hitro pomagala s policijskimi enotami bi se lahko zadeva
stabilizirala in umirila v obdobju do pol leta ob predpostavki da
Evropa med tem zapre zunanje meje, sicer rešitve ni. To je jasno
vsakemu, ki pozna razmere na terenu.

Slovenija postavlja šotorišča in pripravlja namestitve za migrante. Če
jih bo v državi dolgoročno ostalo več kot 3000, je to za Slovenijo po
faktorju ki ga upoštevajo VS teč kot kar je dobrih \5% prebivalstva
(faktor ne 've\ja ko gre za Tesnične begunske družine in ne samske
moške in ostalih regij). Naša država še vedno ne razume, da migranti
ne želijo šotorišč, temveč »obljubljene« darove: odlične službe,
vozila, stanovanja,... To kar jim bomo nudili je za njih žalitev. Se
nasmihate - kmalu se boste lahko prepričali na lastne oči lahko pa si
bodočo Sloveniji pogledale tudi na nekaterih priloženih posnetkih.

Slovenija se bo v tem možnem scenariju (vsi lahko le upamo da do njega
ne pride) morala soočiti z velikim porastom:

Ropov, izsiljevanj, posilstev, verskega ekstremizma, vandalizma,
drugih ekstremnih dejanj Spoštovani politiki. Imejte tolika srca in
Slovence vsaj opozorite na realno sliko. Veliko tistih ki brska po
spletu se že zaveda kaj se dogaja, toda, kaj pa starejši ljudje gospod
Eijavec. Vaša naloga kot varuha tega dela populacije bi bila, da bi
jih opozorili na možne scenarije, razen če si tega ne zaslužijo.

Najbolj verjetno bo sledilo tudi obdobje terorističnih groženj in
puhle sapice politikov, da je Slovenija relativno vama bodo izpuhtele
v nebo v nekaj tednih po prvem kolapsu na meji.

Med evropskim nuklearnim holokavstom ki ga omenjajo VS iz Grčije je
omenjena tudi slovenske nuklearka. Razmišljajte kako boste zavarovali
nuklearko ko bo v Sloveniji splošen kaos ?

Kaj lahko naredimo ?
Zelo malo in hkrati veliko. Takoj bi morali preventivno v Bruselj
poslati NOTO z zahtevkom po pomoči za varovanje naše meje (to nam
omogoča evropska zakonodaja, toda kaj ko naša vrla politika želi
pokazati Bruslju kako smo sposobni). Danes bi moralo biti v Sloveniji
vsaj 10.000 oseb specialnih enot z vso potrebno opremo (opremo ki ni
orožje temveč se uporablja tudi na izgredih v Evropi) v ozadju pa za
primer neuspešne zaustavitve še dodatne enote z vsemi možnimi
sredstvi.

Slovenija bi morala postaviti začasno - poudarjam začasno - ampak za
take namene uporabno - ograjo. Le ta bi se odstranila takoj, ko bo
Evropa uspela zaščititi meje v Grčiji in drugod - če se seveda to bo
zgodilo. Ograja bi varnostnim organom vsaj olajšala delo na meji, brez
nje se vedemo prav smešno in hkrati tragično do naših državljanov, ki
prvič občutijo, da nimamo nobenega varovanja doma niti iz strani
Evrope, da o nesposobnosti politike ne govorimo. Slovenci smo za pot v
Evropo in Nato glasovali na prvem mestu zaradi varnosti. In kje jo
imamo sedaj ?

Slovenija mora dati jasno sporočilo migrantom, da Slovenija ne
sprejema migrantov, temveč izključno sirijske družine oziroma otroke,
ki prihajajo iz vojnih območij in to pod pogoji ki veljajo v naši
državi.

Zaostriti že tako ostro politiko do migrantov - po zgledu Kanade - v
primeru kakršne koli kršitve naših zakonov takoj izgon iz države.

Trenutne največje nevarnosti za Evropo in svet glede emigrantske krize
po ocenah VS:

MEDIJSKA BLOKADA: V nadaljevanju (ali priložen CD) pošiljam direktne
povezave, kjer si lahko ogledate resnično stanje. Brez montaž in
manipulacije. Samo v zadnjem mesecu je bilo izbrisano več kot 100
zastrašujočih dokumentarnih prispevkov iz spleta o resničnem dogajanju
po Evropi. Nekatere države načrtno objavljajo samo izmišljene tragične
- med njimi je sigurno tudi kakšna resnična - zgodbe migrantov. Ne
pošiljajo pa posnetkov, ki so skrb zastrašujoči.

Dogajanje na Madžarskem so večinoma kazali kot slabo ravnanje policije
nad ženskami in otroci. Napade horde podivjanih moških so zamolčali,
tako na policiste, kot prebivalce madžarske.

 Tudi drugod po Evropi so zamolčana vsa posilstva, izsiljevanja,
teroriziranje, uveljavljanje šeriatskega prava nad državljani,
izživljanje nad policijo (več 100 policistov iz vseh držav je že
odpovedalo delavno razmerje zaradi groženj in neukrepanja držav da jih
zaščiti).

Integracija je v vseh državah Evrope popolnoma propadla. Policija v
Angliji, Belgiji, Švedski, Danski, ... si ne upa več v določene
predele svojih mesta. VS so ocenile, da integracija ni mogoče v več
kot 8 % pri priseljencih muslimanske vere. Novinarji so stalne tarče
groženj - zamislite se nad tem, ko pišete vaše zgodbice za lahko noč v
vseh državah z migranti so se posilstva več kot podvojila

Napadi na humanitarne delavce — na desetine delavcev noče več imeti
opravka z migranti


RAZNI AKTIVISTI:
Najprej pohvale vsem organizacijam, društvom in posameznikom, ki tako
humano pomagajo ljudem v stiski in to v veri dobrih namenov, seveda
tistim, ki so te pomoči res potrebni. Tukaj se sicer kaže odnos
človeka do sočloveka, toda nikakor ne vtikajte v delo države, ko gre
za ohranitev demokracije, varnosti, kulture in stabilnosti. Saj ko teh
ne bo več, bo tudi vaše delo končano. VS ocenjujejo, da so razni
evropski aktivisti ena najbolj problematičnih groženj od znotraj, ko
se odloča o prihodnosti Evrope glede emigrantske krize. Te skupine so
ekstremne in jim varnost, prihodnost in zakonske ureditve popolnoma
nič ne pomenijo. Prav zato je bilo v navodilih migrantom in
ekstremistom zaslediti, da morajo vedno iskati kontakte takih
organizacij in posameznikov. Aktivisti se vedno izgovarjajo na
človekove pravice in države se običajno temu uklonijo - prav to so
genijalci ekstremistov uporabili pri scenariju, ki seje začel. Sram je
lahko vsakega aktivista, ki napade varuha ki brani državo - prav to
seje zgodilo v Sloveniji in verjemite še se bo. Kolega iz ene izmed VS
v tujini mi je prav pred kratkim zaupal, da so -tudi v Sloveniji -
zasledili povezovanje aktivistov iz vse Evrope, da bi pomagali
odstraniti meje na blokadah. Nekateri aktivisti - po ocenah VS cca. 77
% - se niti ne zavedajo svojega nevarnega početja - so zelo
nerazgledani, vodljivi od svojih vodij in ne poznajo dejanske
nevarnosti, ki preži dolgoročno tudi na njih. Drugih 23 % pa se tega
loteva načrtno, saj si želijo kaosa in anarhije. Pri tem opozarjam
medije, da so še kako previdni pri dejanjih aktivistov, saj je njihov
name ravno to, da jih mediji podprejo in da pride do destabilizacije
družbene ureditve.

INTEGRACIJA:
Žal vam ne morem pokazati dokumentov VS Nemčije, Švedske, Anglije in
Belgije, ki govorijo o integraciji muslimanskih prebežnikov zadnjih 20
let, toda če si boste ogledali spletne povezave ni potreben noben
dokument več. Integracija muslimanov v Evropi dolgoročno ni mogoča v
pogojih, ki se tukaj ustvarjajo. Če bi države že v kali zatrle vse
ekstremiste in jih takoj izgnale iz Evrope, bi bilo to bistveno bolj
mogoče, tako pa se ekstremizem med priseljenimi muslimani širi z tako
hitrostjo, da so nad tem presenečene tudi vse VS (poglejte si
posnetke). Problem ni v muslimanski veri, temveč njeni ekstremni veji
ki prevzema celotni nadzor, kjer koli se pojavi,

Skratka, če ne bi šlo za varnost nas samih, naših otrok in vnukov, bi
se nad nekaterimi Evropskimi in še posebej slovenskim mediji

(redke so izjeme) lahko preprosto vprašal ah so tudi naši novinarji
pod vplivom drog Več kolegov policistov me je opozarjalo, da so vse
dni prvega vala poslušali zgodbe medijev o nemočnih otrocih, ženskah.
Celo zgodbe o uspešni integraciji pri nas so začeli objavljati. Ko pa
so bili migranti nasilni, so vzklikali gesla ISLAMSKE DRŽAVE, metali
vse mogoče v policiste, se znašali nad migranti drugih ver, izrabljali
otroke, pa so ugašali kamere. Prizor predsednika vlade, ko obišče
migrante in ga poljubi nedolžen otrok je res srce parajoče. Pa je res
? Na eni strani reklama za politiko, na drugi pa izkoriščanje otrok,
ki so največji reveži celotne zgodbe za podli načrt, ki se izvaja. Te
otroci nimajo nikakršne prihodnosti. Pa jo imajo naši zaradi vaše
neodgovornosti ?

Sam sem v letih 2010 do 2014 na lastne oči videl kaj se tam dogaja.
Ali pa mogoče vaše novinarske kolegice, ki so bile posiljene širom po
svetu, ko so poročale o kriznih žariščih ? Bodite toliko pošteni, da
Slovencem vsaj omogočite, da imajo resnične informacije in pustite
jih, da se potem sami odločijo, kako bodo sprejeli dogajanje. Svoje
nekdanje kolege po Evropi sem povprašala katere so najbolj
problematične države glede objav. Na prvem mestu je seveda Nemčija,
sledijo pa Francija (razen po humorni plati). Švedska, Belgija,
Slovenija. Za razliko od teh je popolnoma drugače v Angliji, Madžarki,
Češki, Poljski in Slovaški. Kje so pri nas posnetki deset tisočih, sto
tisočih, ki po celi Evropi protestirajo proti migracijam ? Kje so
posnetki žrtev: posilstva, ropov, izsiljevanj iz strani tako
dobrodošlih migrantov ? Kje spoštovani mediji ? Kar koli boste že
naredili v naslednjih dneh, tednih vam povem samo le to, da
soodgovornost bo tudi vaša, saj bi Slovenija (predvsem prebivalci
sami), če bi vedela kaj jo čaka bi lahko vsaj ublažila določene zadeve
- rešitve tako brez celega sveta ni.

In še spoštovani predsednik vlade g. Miro Cerar vsi ministri in
predsednik države,

Vaši predhodniki so zagrešili veliko veliko napak, seveda so ob tem
naredili tudi nekaj dobrih stvareh. Zgodovina se bo spominjala, kako
so nam pokradli državo, kako nas je prizadela kriza in drugo. Vas
spoštovani g. Cerar pa prosim v imenu Slovencev, ki jim je mar za
državo (levili, desnih, zelenili, mavričnih,....), da storite vse, da
se vas ne bo zgodovina spominjala po tem, da ste naredili usodne
napake, ki bodo za naš mali narod nepopravljive.

Za konec
S tem APELOM sem naredil, kar sem sam lahko. Med drugim sem
razbremenil tudi sebe osebno, saj bi mi vedno ležalo na duši, da nisem
niti poskusil ukrepati, glede na informacije ki jih imam, pa čeprav
gre za minimalno potezo.

Sicer APEL lahko preprosto uničite, zavržete, rečete, daje vse skupaj
slaba šala, toda ODGOVORNOST je sedaj tudi na vas. Verjamem, da
institucije delujete tako, da mirite državljane, toda za kakšno ceno.
Jasne so mi tudi politične ambicije in načrtovanja, samo da tokrat ne
gre več za politično tekmo, temveč za obstoj življenja kot ga živimo,
demokracije in konec koncev države Slovenije ter Evrope. Ponavadi se
napačna odzivnost politike kaznuje na naslednjih volitvah, tokrat
popravnega izpita ne bo. Enako velja za medije. Lahko se obračate
proč, ko migranti pokažejo svoj pravi obraz, lahko zamolčite resnične
zgodbe in kažete samo nemočne otroke in ženske, toda zamislite se nad
svojimi dejanji, saj boste prav vi najbolj odgovorni za dogodke, ki
bodo sledili v naslednjih tednih, mesecih in letih. Marsikdo od vas se
bo takrat spomnil tega dopisa in se vprašal: » ali bi lahko takrat
ravnal",negative,neutral,
"HLADNIK, kaj bluziš, da ni Ligety - poskušaj najti podobnost s fotografijo na tej strani http://www.fplus.si/dogodki/ted_ligety_v
_formi/",neutral,negative,negative
"Če bi več ljudi delalo, kot pa trgovalo, bi tudi pokritje bilo.",positive,negative,negative
"v celovcu tankas ob dobrem casu na Hofer crpalki za 1.279 eura
dizl!!!!! Slovenci pao nakupe in dizl v avstrijo pa se splaca
prevoz tud potem!",positive,negative,negative
Kje podpišem ZA... ;),neutral,positive,positive
"Prevc dvakrat 1. in Freund dvakrat 4., pa je dost.",positive,negative,negative
"Prva misel je bila: Ojej, boj za slovenskega turista leta bo močno okrnjen! Nato pa sem se spomnil, da turistov med slovenskimi športniki nikoli ne primanjkuje.",negative,positive,positive
@JohnSmith Res je.,positive,neutral,neutral
"Jaz bi pri delodajalcih uvedel obvezno evidentiranje vsake odpovedi iz poslovnega razloga in izteka pogodbe za določen čas. te bi potem primerjal z 'uradnimi evidencami'' zavoda za zaposlovanje v naslednjem obdobju, iz katerega bi tako lahko videli procent odstopanja med uradno in ''neuradno'' brezposelnostjo. ok, par se jih ne prijavi na zavod, par srečnežev se zaposli, ampak bi dobili vseeno precej bolj uradno število.
Če k temu dodamo še osebe s statusom študenta s starostjo nad 26 let z rednimi mesečnimi dohodki nad cca 500 eur ps dobimo pa še bolj realno številko.",neutral,negative,negative
missy franklin ga bo dobila,neutral,positive,positive
saj je pa na eni nogi boljša od tine!,negative,positive,positive
3x ne,neutral,negative,negative
Kdo ne pomni legendarnega bunkerja v Leverkusnu?,negative,neutral,neutral
Svašta.,neutral,negative,negative
Edina ki bi ji mogoče lahko bila konkurent je Serena Williams.... use ostale nevem kaj delajo na seznamu....nogometašica....resno?,positive,negative,negative
"Ni tujcev? Sem bil v soboto na Lomu in Hrušici pa polno tujcev tam...na avstrijskih AC je dražje kot pri nas, ne hodijo pač vsi dol iz AC na lokalne ceste da malce prišparajo, na Hrvaškem je pa tudi eurodizel dražji kot pri nas, večina ima pa itak dizelaše. Da ne bi o pumpah ob meji z Italijo ki so itak okupairane s strani italijanov.",neutral,negative,negative
Hvala bogu en dober in pameten novinar! Za moj okus celo preveč obziren. Seveda sicer bi ga sesekljali...........................,positive,negative,negative
"Ajde, zdej pa na hokej, Ferkove ni treba kazat.",negative,positive,positive
Za dobrim konjem se vedno dimi.,positive,negative,negative
"V glavnem, da bo jasno... če gre danes dež, potem ne bom šel gledat tekme ven, ampak bom gledal doma in navijal za SLO. Če pa dež ne bo šel, bom pa šel verjetno ven gledat in bom vseeno navijal za SLO. Torej, ne glede na vreme, koš razliko in točke, bom navijal za SLO. A je zdaj jasno?",negative,positive,positive
To je bilo pa hitro.,positive,neutral,neutral
"Ob Prevčevem drugem emstu ap poslušamo jugoslovansko himno Hej Slovani, ha, ha!!",positive,negative,negative
Ne se hecat,neutral,negative,negative
"Tožit bi blo treba kšne druge novice odaje npr kšno na pop tv in tako naprej 24 ur.,,,   sej bo vse pršlo na dan samo vztrajajte",negative,positive,positive
Pravzaprav sem se hitro nehal smejat in si mi dal mislit. Noro!,negative,positive,positive
"@omi, cenim tvoj altruizem!",positive,negative,negative
"Svica, Belgija, Canada imajo vec drzavnih jezikov.....",neutral,negative,negative
"torej, mmc, koliko glav je vw odrezal danes? dejmo bit ažurni..",negative,neutral,neutral
"Merjenje izpustov z ono ščipalko na izpuhu pri  ničti obremenitvi motorja in visokimi obrati ne daje realne slike o izpustih med vožnjo.

Testi, ki jih opravimo na servisu so itak že vnaprej zasnovani tako, da ne pokažejo nič. V prostem teku ni nobenega problema zagotoviti idealno zgorevanje, da pokaže na izpuhu 0 emisij.",neutral,negative,negative
"Koperboy menjava trenerja bi Duranta kvečjem pregnala iz Oklahome. Kaj točno imajo oni v ekipi in zakaj tolk ceni Brooksa ne vem ampak, dva dni nazaj se je KD skregal s precej ostrimi besedami z mediji, ker so naimogoval menjavo trenerja. Lani v govoru za MVP-ja je pa posvetil kar lep čas svojemu trenerju in govoril o tem da se mu dela velika krivica. Se strinjam da so občasno njegove taktične ideje pod vprašanjem in ta tekmo včasih odpelje v drugo smer ampak glede na povezanost igralcev in način na kakršnega ga tretirajo vsi v ekipi vrjamem, da naredi tudi marsikaj dobrega. Med drugim se mi zdi, da res zna ekipo pripravit da pusti srce na igrišču. Res so imel slab skor brez Duranta in Westbrooka ampak v tem času so igral izjemno obrambo in mel precej tesno izgubljenih tekem, kjer jim je ponavad zmanjkalo samo kvalitete v napadu.",positive,negative,negative
"Prijetno presenečenje, ve kaj govori in ne trosi floskul kot naš
novi mesija...že samo dejstvo, da je priznal, da je v prvem mandatu
delal neumnosti, je nekaj popolnoma novega pri naših politikih, ki
se sicer obnašajo tako, kod da bi vsi imeli vsaj Nobelovo nagrado v
žepu...",negative,positive,positive
"Dva dneva si bom najbolj zapomnil kot moja najstrečnejša: Ko so Janši izglasovali nezaupnico in ko je Tina Maze zmagala v smuku v Sočiju. Še tisti dan, ko je bila Bratuškova imenovana za predsednico vlade, je tretjerazredna tema.",negative,positive,positive
HRVATSKA!!,neutral,negative,negative
"Topčider na Majni?
Čemu vprašaj?",negative,neutral,neutral
IN ŠE VEDNO..,neutral,negative,negative
"@freelander

Pri sedanjem razmerju cen 95% ljudi tanka v Sloveniji, ker se jim vožnja čez mejo ne splača, če niso tja namenjeni že iz drugih razlogov. In da bi 95% spravil na 100%, boš več izgubil, kot pa pridobil.",negative,neutral,neutral
V glavnem : Naša TINA MAZE še naprej NIZA MATE! (anagram),positive,negative,negative
ne mi spet začet z bratrancem ker tak kak letos brani je vrhunsko,positive,negative,negative
"Binder Dandet @ če plačuješ najemnino, potem si že skoraj prisiljen kupiti, pod kakršnimikoli pogoji.

se pa strinjam,  za nas ki šele planiramo kupovati stanovanej ko cene padejo, je tole dejstvo,d a banke ne dajejo kreditov, odlična informacija - manjša povpraševanje bo nedvomno znižalo ceno stanovanj.",positive,negative,negative
"dragi ezat! sicer ponavadi komentiram novinarje, ampak tokrat pa ne morem bit tiho. sem in tja si vzamem čas in preberem komentarje in čist vedno ti pišeš o tem, kdo bi nastopal za italijo, da je to zate izdajalec in da ga za to ne maraš več. 
jaz nisem športnik pa vseen to razumem, če nimaš priložnosti doma pač greš drugam. a je to tako težko razumeti. koliko Slovencev gre delat drugam ali pa tujci pridejo v Slovenijo. a so potem tudi izdajalci?????
pa pustimo zdaj eure ob strani. meni se zdi, da v tistem trenutku Tina enostavno ni imela druge možnosti sicer pa kolikor jaz spremljam stvari Tina sama nikoli ni rekla, da bo nastopala za drugo državo, pač pa je to rekel Massi, ki je potem tudi povedal, da je bila to ene vrste provokacija in, da Tina tega v resnici noče. pa pustimo zdaj to, ker se ni zgodilo. dejstvo je, da Tina zmaguje za Slovenijo v Sloveniji živi in plačuje davke. gotovo jih je plačala že vsaj toliko, da je na en način vrnila, kar je Slovenija vanjpo vložila.
aja pa še to. toliko se govori o Tini, kaj pa vsi nogometaši pa Anže Kopitar če hočeš. vsem je Slovenija pomagala, da so postali vrhunski športniki, potem pa so šli v tujino tam plačujejo davke in igrajo za tuje ekipe. pa nihče nič ne reče. oni so pa v redu a ne.",positive,negative,negative
"ter še posnetek govora David Rockefellerja, kjer se zahvaljuje
medijem, da so NWO agendo skrivali zadnjih 14 let

www.youtube.com/watc...7K8iQAReXQ",neutral,negative,negative
Neverjetna dominacija kvalitete Hrvaske in BiH kot bi dejal nas prijatelj Mandžukić ...,positive,negative,negative
"Jaz sem pa ravnokar prišel iz bencinskega servisa.

/facepalm",neutral,negative,negative
Kje so časi dobre stare golf dvojke pa kurilca mešanga s fritezo :),positive,negative,negative
"No jaz vidim v celi zgodbi priloznost, da se izkaze Zoran",neutral,negative,negative
"Ah vw je že zdavnaj slab avto, najboljši so bili golf 2 dizl pa golf 4 s 1.9 dizl motorjem",neutral,negative,negative
"Cene goriv so eden redkih primerov, v katerih bi bila deregulacija dolgoročno pozitivna, saj bi cene poskočile in bi s tem pridobil javni promet.",positive,negative,negative
"Ukinite prenose vseh smucarskih tekem in investirajte v akcijo ""Vsak otrok na sneg"", da tudi tisti otroci iz manj premoznih druzin spoznajo smucanje.

Smucarijo po tv gleda 0,0000000000000000001% svetovne populacije.Da gledas smucarijo po tv je ravn tolk efekta kot bi se z zensko cez sipo kusval.

Vsi na sneg in cez 10 let bo smucarjev kolk hoces in talentov prav tako, mogoce pa zato res nekaj manj racunalniskih genijev.",negative,positive,positive
"@viker

Še nekaj glede proračuna za vojsko. Tudi Rusija, Kitajska, Iran, indija, Pakistan porabijo podoben % proračuna za vojsko ampak kaj, ko so pač reveži proti USA in zato v absolutni vrednosti je to manj denarja.",negative,neutral,neutral
"Ukrajina je bila boljša, kaj čmo...............",positive,negative,negative
O Kuba kako lepa dežela še posebej ko greš daleč od mest v zakotne vasi kjer življenje ni kaj drugačno kot pred 300 leti v evropi. Samo da namesto mečev mačete nosijo :),negative,positive,positive
p.s.-in nobeden nima pravice nobenemu te možnosti-ODVZETI !!!,positive,negative,negative
"sem pogledal gole Rudarja, kakšne tri gole, pa je dobil Hosman...",neutral,negative,negative
"Zasluzeno hrvati naprej. Tudi turki. Nizozemci so resnicno slabi. Ni igralcev, ki bi nadomestili zlato generacijo tulipanov.",positive,negative,negative
"Tina ni talent, ampak gara pod nadzorstvom supertrenermenadžerja.Forza Italija....",positive,negative,negative
"@Chopin:
Jaz vidim varnostni problem v tem, da če je vsak 1000či ekstremist, jih v Evropo vsak dan nekaj pride. Kaj mi lahko poveš, da me pomiriš? Resno sprašujem. Ne želim ničesar prejudicirati ali posploševati. Samo zanima me, če se ti to zdi nerealno, da bi vsak tisoči bil esktremist, glede na to, da se ISIS hvali, da bo tisoče borcev prešvercal in da so med migranti že dobili nekaj znanih teroristov (napadalec šoping centra v Nairobiju, napadel v muzeju v Tunizji,...).

Povdarjam, da bo povsem jasno. To je zelo majhen del teh mas ljudi. Ampak mase so ogromne.",negative,neutral,neutral
Najbolj vesela novica v zadnjem mesecu - Avanzo odhaja ! :),positive,negative,negative
"G.Sandi Murovca za moškega trenerja, G. Miha Murovca za ženskega trenerja !!
Mur mur mur, mur mur murr Murenčki smo mi.  G. Javnik Dušana za strokovnega vodjo reprezentance, sa serviserje ,kondicijo, pomočnike pa najbolje da se vzame starše otrok ki tekmujejo ,prav tako za vodenje financ ker bodo zdaj tudi Bejevci in Cejevci sami vse plačevali.  
Dragi ljubitelji smučanja: tak bo kot v tenisu. Sam  Vlagaj vlagaj eure v dobrega trenerja,treninge,potovanja in če boš visoko prilezel dobiš malo podpore od szs. A Božiču tekme in treninge plačuje teniška zveze....NE! Vložil je veliko, zdaj nekaj zasluži in s tem plačuje trenerja etc. Tak bo tudi v skijanju in prav je tako!! lp",negative,positive,positive
"Upam, da ne bodo spustili reklame med skokom P. Prevca.",neutral,negative,negative
"K ris,mene sam zanima,zakaj morajo imet v Slo vse firme enako ceno,torej kot vcasih je bil samo Petrol,potem pa pridejo tuje firme kot v tujini in nimajo konkurence,zakaj ne smejo prodajat ceneje kot drzava,oz.Petrol",neutral,negative,negative
"Še en link, kjer se vidi kako dobro so organizirana begunska
taborišča v Turčiji.


www.domovina.je/vide...em-nivoju/

Evropa bi morala vso energijo usmeriti v vzpostavljanje takšnih
taborišč širom regije, ne pa da si gre uničevat lastno
identiteto.

In, mimogrede, če ni še nihče tukaj omenil, novi portal/časnik
Domovina je kar pozitivno presenečenje.",positive,negative,negative
"@miket

Vlada določa najvišjo dovoljeno ceno. Kdorkoli od trgovcev lahko bencin prodaja tudi cenej.",positive,neutral,neutral
"Pravilna odločitev!
V Makedoniji ima Telekom vloženih 100 milijonov lastniškega deleža, ki raste vsako leto.
Ta denar bi Cinven dobil, kot češnjo na torti!",positive,negative,negative
"Na SDH so se po naših informacijah odločili, da seja nadzornikov bo. So pa v SDH po naših informacijah zavrnili včeraj dopolnjeno ponudbo Cinvena.
Vir: Finance",neutral,negative,negative
